{"_wandb":{"runtime":2},"_timestamp":1.7342639658459802e+09,"_runtime":2.8613781,"_step":7,"acc":0.9609952887917639,"loss":0.0716321113242965}